typeofcrop,geometry
PADDY,POINT (79.24527347999998 14.85073024)
Paddy,POINT (81.503705325 16.752315744999997)
Paddy,POINT (81.62672456000001 16.529149009999998)
Paddy,POINT (81.50213131500004 16.812721175)
Paddy,POINT (81.41093922999998 17.059914499999998)
PADDY,POINT (78.57425567499999 14.526944754999997)
PADDY,POINT (78.619071075 14.655985059999997)
PADDY,POINT (78.66319503499997 14.630355585)
PADDY,POINT (79.6987442835 15.7700150855)
Rice Paddy,POINT (80.80833901 21.064621680000002)
Rice Paddy,POINT (80.76376186000002 21.031586945)
Rice Paddy,POINT (80.751065485 21.027230499999995)
Rice Paddy,POINT (80.73913627000002 21.000951795)
Rice Paddy,POINT (80.62810832999999 21.0525728)
Rice paddy,POINT (80.64303317499999 21.054043899999996)
Rice Paddy,POINT (80.71206439500003 21.05968651)
Rice Paddy,POINT (80.72460308000001 21.037708950000003)
Rice Paddy,POINT (80.73783954500001 21.05345223)
Rice Paddy,POINT (80.737836705 21.05345342)
Rice Paddy,POINT (80.79406880500001 21.066336825)
Rice Paddy,POINT (80.72529162500003 21.084785700000005)
Rice Paddy,POINT (80.72141786 21.089140195000006)
Rice paddy,POINT (80.748204325 21.09286233)
Rice paddy,POINT (80.760873945 21.095127955000002)
Rice paddy,POINT (80.79987374500003 21.090167900000004)
Rice Paddy,POINT (80.73968238 21.115594030000004)
Rice paddy,POINT (80.84624777499998 21.118807030000006)
Rice Paddy,POINT (81.00060615500001 21.168119450000006)
Rice paddy,POINT (80.96283145 21.206884035)
Rice paddy,POINT (80.96063764000002 21.207667344999997)
Rice paddy,POINT (80.95208252500004 21.210150565000003)
Rice paddy,POINT (80.929113345 21.15458261)
Paddy,POINT (77.14301576300001 16.466733510999994)
Paddy,POINT (77.10786090949999 16.361481905999998)
Paddy,POINT (76.8000075485 15.75620253)
Paddy,POINT (76.83950216550001 15.751660504)
Paddy,POINT (76.86012654600002 15.760680009500001)
Paddy,POINT (76.88496165850002 15.771710682999995)
Paddy,POINT (76.91450679049998 15.785681953999998)
Paddy,POINT (76.97597101699999 15.806525879999999)
Paddy,POINT (76.975969392 15.807664058499999)
Paddy,POINT (77.00060142050002 15.820973038)
Paddy,POINT (77.0111657885 15.8328787895)
Paddy,POINT (77.0167014265 15.915313035000002)
Paddy,POINT (77.00072732499999 15.923749669500001)
Paddy,POINT (76.96410815099999 15.937566266999998)
Paddy,POINT (77.07095519750001 16.050552382)
Paddy,POINT (77.0715217945 16.053093769500002)
Paddy,POINT (77.076800991 16.0674233325)
Paddy,POINT (77.07555024 16.073889113000003)
Paddy,POINT (77.06236216 16.094838756999998)
Paddy,POINT (77.05111112600001 16.100296577500004)
Paddy,POINT (77.0362196585 16.1015740285)
Paddy,POINT (77.027567737 16.1051404245)
Paddy,POINT (77.0118256765 16.115167975)
Paddy,POINT (77.0064278525 16.123021060000003)
Paddy,POINT (77.00003156849998 16.132027321)
Paddy,POINT (76.99251123500001 16.142684866499998)
Paddy,POINT (76.98475778599997 16.154661679999997)
Paddy,POINT (76.97730937899999 16.1608373475)
Paady,POINT (76.5084011095 16.275419556)
Paddy,POINT (76.51099654599997 16.266571597500004)
Paddy,POINT (76.96622230899999 16.150046660999998)
Paddy,POINT (76.51186486399999 16.265036028000004)
Paddy,POINT (76.97392252350001 16.143647293499995)
Paddy,POINT (76.510904704 16.232467280499996)
Paddy,POINT (76.98278982549998 16.1361766445)
Paddy,POINT (76.509434557 16.225943455)
Paddy,POINT (76.99345432199998 16.131561333)
Paddy,POINT (76.50765790300001 16.211552392999998)
Paddy,POINT (76.50566223849997 16.211487557)
Paddy,POINT (76.50253764549998 16.2113860125)
Paddy,POINT (76.4991854065 16.209029780500003)
Paddy,POINT (76.49827940700001 16.202924838)
Paddy,POINT (76.50143297600002 16.200161701000003)
Paddy,POINT (77.01678045199999 16.12629595)
Paddy,POINT (77.0246438675 16.134438504500004)
Paddy,POINT (76.48883518199999 16.197288997500003)
Paddy,POINT (77.030680245 16.140412246000004)
paddy,POINT (76.4905542365 16.1938842475)
Paddy,POINT (76.49080446100001 16.1890674365)
Paddy,POINT (77.039887959 16.148021537500004)
Paddy,POINT (77.03155631450001 16.155002833)
Paddy,POINT (76.499968775 16.187216645)
Paddy,POINT (77.028414889 16.165021690000003)
Paddy,POINT (77.03399493999999 16.171438839)
Paddy,POINT (77.0531748065 16.154703658999995)
Paddy,POINT (77.06380920350001 16.146842925999998)
Paddy,POINT (77.063752203 16.117853523)
Paddy,POINT (77.051101474 16.109458388500002)
Paddy,POINT (76.48648233850001 16.1589649545)
Paddy,POINT (76.4729564185 16.157435522)
Paddy,POINT (77.05247482600002 16.092297553999998)
Paddy,POINT (76.469536354 16.156402753000002)
Paddy,POINT (77.05663667099998 16.074130213500002)
Paddy,POINT (76.461343385 16.1518991795)
Paddy,POINT (77.06983895049999 16.0677843715)
Paddy,POINT (76.441616329 16.143723700499997)
Paddy,POINT (76.42880667299997 16.131551988000002)
Paddy,POINT (76.41961892499998 16.989933395)
Paddy,POINT (77.04575195350002 16.177877769499997)
Paddy,POINT (76.6840414585 15.882710497000001)
Paddy,POINT (76.68629275049999 15.873816361)
Paddy,POINT (76.69155903400001 15.8647031115)
Paddy,POINT (76.69594728949998 15.857098408000002)
Paddy,POINT (76.708934104 15.852484786)
Paddy,POINT (76.718648378 15.847625125000002)
Paddy,POINT (76.73286761149998 15.840955358999997)
Paddy,POINT (76.73603730600001 15.829230636000005)
Paddy,POINT (76.74554804200001 15.824870873999998)
Paddy,POINT (76.74919631450001 15.816902112)
Paddy,POINT (76.75587878800002 15.808399399999995)
Paddy,POINT (77.24947845 16.199979965000004)
Paddy,POINT (77.25183262499999 16.175843885000003)
Paddy,POINT (77.24043251499998 16.199828015)
Paddy,POINT (77.180414415 16.194674604999996)
Paddy,POINT (77.198081 16.201569010000004)
Paddy,POINT (77.27080209 16.196674504999997)
Paddy,POINT (77.04931422 16.126487779999994)
Paddy,POINT (77.05493284 15.962458004999998)
Paddy,POINT (77.05141513 15.893073635000002)
Paddy,POINT (77.05124473500001 15.892764915)
Paddy,POINT (76.82417402 15.873271814999999)
Paddy,POINT (76.80135459 15.625061605000003)
Paddy,POINT (76.80141352999999 15.62496087)
Paddy,POINT (76.71657078499999 15.621311185000001)
Paddy,POINT (76.71647283500002 15.62124087)
Paddy,POINT (77.376936825 16.150843139999996)
Paddy,POINT (76.51098320500002 15.824738499999995)
Paddy,POINT (77.461574775 16.102506935)
Paddy,POINT (77.463528665 16.096850104999998)
Paddy,POINT (77.43639287999997 16.085629405)
Paddy,POINT (76.528814665 15.741342235000001)
Paddy,POINT (77.41028689499998 16.084651155000003)
Paddy,POINT (76.59864598499998 15.768657074999998)
Paddy,POINT (76.59864632500002 15.768666735000002)
Paddy,POINT (76.598866375 15.809042330000002)
Paddy,POINT (76.56102928 15.927945329999996)
Paddy,POINT (76.52045318 15.883535235000002)
Paddy,POINT (76.322541675 16.133375335000004)
Paddy,POINT (76.466880905 16.119727194999996)
Paddy,POINT (76.496723265 16.025719699999996)
Paddy,POINT (76.62520207 16.015588920000003)
Paddy,POINT (76.62519619000001 16.015492745)
Paddy,POINT (76.50337666499999 16.159172525000002)
Paddy,POINT (76.46591312000001 16.153561865000004)
Paddy,POINT (76.46779525999999 16.165002584999996)
Paddy,POINT (76.68023441499999 15.947258474999998)
Paddy,POINT (76.68024632500001 15.947256894999999)
Paddy,POINT (76.71839201500002 15.936744480000005)
Paddy,POINT (76.71848324 15.936585454999996)
Paddy,POINT (76.770921605 15.905597749999995)
Paddy,POINT (76.795595375 15.874973639999997)
Paddy,POINT (76.82010311 15.857477210000003)
Paddy,POINT (76.836444495 15.83791027)
Paddy,POINT (76.83647313000002 15.837793464999999)
Paddy,POINT (76.79910694500002 15.840600510000002)
Paddy,POINT (76.73841386 15.829398289999997)
Paddy,POINT (76.729872325 15.840121205000003)
Paddy,POINT (76.719524205 15.84662444)
Paddy,POINT (76.71950496999999 15.846623540000001)
Paddy,POINT (76.68101583500001 15.889410035000003)
Paddy,POINT (76.681016525 15.889407720000005)
Paddy,POINT (77.06056271499997 16.181175625)
Paddy,POINT (77.30927880500003 16.197363205000002)
Paddy,POINT (76.748000071 15.720584315499996)
Paddy,POINT (76.758176953 15.715266717000002)
Paddy,POINT (76.7842877275 15.70739878)
Paddy,POINT (76.7965083705 15.703673475500002)
Paddy,POINT (76.7929856975 15.660665004500004)
Paddy,POINT (76.79965953249999 15.625523945999996)
Paddy,POINT (76.80070089549999 15.598059202000002)
Paddy,POINT (76.78240789099999 15.606769401)
Paddy,POINT (76.748141179 15.772018658500002)
Paddy,POINT (76.7088514475 15.7694757065)
Paddy,POINT (76.69392186450001 15.763552200999996)
Paddy,POINT (76.6749799355 15.765439005500003)
Paddy,POINT (76.66306635649998 15.756358885500001)
Paddy,POINT (76.61243693700001 15.754412588)
Paddy,POINT (76.5913148945 15.763752164499996)
Paddy,POINT (76.58449310350001 15.765452153999998)
Paddy,POINT (76.58329460899999 15.773290559999996)
Paddy,POINT (76.5872143395 15.7710787155)
Paddy,POINT (76.578259434 15.771603985999999)
Paddy,POINT (76.58388573849997 15.781477651999998)
Paddy,POINT (76.59126053549998 15.797288628999997)
Paddy,POINT (76.591821323 15.810089758)
Paddy,POINT (76.59485513750002 15.824029258)
Paddy,POINT (76.60491196899997 15.814110263500002)
Paddy,POINT (76.6232286085 15.813070191499998)
Paddy,POINT (77.541682936 16.333288591000002)
Paddy,POINT (76.50985009550001 15.823081208500003)
Paddy,POINT (76.5098396745 15.8230958555)
Paddy,POINT (76.18823885500001 16.210836484999998)
Paddy,POINT (80.237843225 21.78528349999999)
Paddy,POINT (80.26657391499995 21.752195399999998)
Paddy,POINT (80.28060451500001 21.651917905)
Paddy,POINT (80.23465152499999 21.663360005000005)
Paddy,POINT (79.79645269500001 21.795675789999997)
Paddy,POINT (74.95686551000001 18.609761585)
Pady,POINT (79.09090574999996 18.002210166666668)
Paddy,POINT (79.09643116666669 17.996525916666673)
Paddy,POINT (79.10546616666669 17.991580749999994)
Paddy,POINT (79.16537608333336 18.051353166666676)
Paddy,POINT (78.837502105 17.925204595000007)
Paddy,POINT (78.77453063499998 18.181371915)
Paddy,POINT (78.84008624000002 17.926810684999996)
Paddy,POINT (78.842598235 17.928553679999997)
Paddy,POINT (78.84828443 17.933777550000002)
Paddy,POINT (78.77424399999998 18.14407425)
Paddy,POINT (78.849149515 17.93615049)
Paddy,POINT (78.848964275 17.941339980000002)
Paddy,POINT (78.848675735 17.943843485000002)
Paddy,POINT (78.84831410500001 17.94525173)
Paddy,POINT (78.84859187499998 17.95633805500001)
Paddy,POINT (78.85071782999998 17.962106999999996)
Paddy,POINT (78.85410289500003 17.973360810000003)
Paddy,POINT (78.84856168500002 17.980937004999998)
Paddy,POINT (78.84687999 17.98258864)
Paddy,POINT (78.84688873999998 17.982764355000004)
Paddy,POINT (78.84350284000003 17.98574756)
Paddy,POINT (78.85338676999996 18.052058780000003)
Paddy,POINT (78.85252154 18.051051745000002)
Paddy,POINT (78.84973737499999 18.047925394999996)
Paddy,POINT (78.84951923999999 18.044706375)
Paddy,POINT (78.84904306999998 18.042272555)
Paddy,POINT (78.84737108500002 18.033549239999996)
Paddy,POINT (78.83134327999998 18.013984290000003)
Paddy,POINT (78.82609449500002 18.014226004999994)
Paddy,POINT (78.82424343000004 18.01485588)
Paddy,POINT (78.81425978499999 18.015704999999997)
Paddy,POINT (78.80609404 18.013294505)
Paddy,POINT (78.84672306999998 18.131749640000002)
Paddy,POINT (78.84502851999997 18.13715378)
Paddy,POINT (78.83992290999998 18.144393785)
Paddy,POINT (78.83856799000003 18.154136819999998)
Paddy,POINT (78.833033 18.169541855000002)
Paddy,POINT (78.82745283 18.189003440000004)
Paddy,POINT (78.82530737 18.230156379999997)
Paddy,POINT (78.81412083000001 18.268525869999998)
Paddy,POINT (78.82596361999998 18.27839866499999)
Paddy,POINT (78.81628210499996 18.30825533)
Paddy,POINT (78.80974378 18.339960875)
Paddy,POINT (78.81500330500002 18.362411634999997)
Paddy,POINT (78.80728227000002 18.36509428)
Paddy,POINT (78.79799513500001 18.361043860000002)
Paddy,POINT (78.788270685 18.354559185)
Paddy,POINT (78.80215714500001 18.335651754999997)
Paddy,POINT (78.81883072500001 18.30528404)
Paddy,POINT (78.819895055 18.291563205000006)
Paddy,POINT (78.82180849 18.287471355)
Paddy,POINT (78.82082097499999 18.2499721)
Paddy,POINT (78.82805586500002 18.195534709999997)
Paddy,POINT (78.83498345000001 18.195589335)
Paddy,POINT (78.84683999499998 18.18917026)
Paddy,POINT (78.84682078000004 18.189174545000004)
Paddy,POINT (78.849274995 18.187712405000003)
Paddy,POINT (78.84969008499999 18.188722075)
Paddy,POINT (78.85011574499997 18.186776884999993)
Paddy,POINT (79.16798874999998 18.131959999999992)
Paddy,POINT (79.16791516666666 18.13194158333333)
Paddy,POINT (79.14410133333334 18.15232575000001)
Paddy,POINT (79.14640833333331 18.15632483333333)
Paddy,POINT (78.89876841499999 18.131966589999998)
Paddy,POINT (78.928871975 18.143149865000005)
Paddy,POINT (78.93625588 18.146448980000002)
Paddy,POINT (78.948340725 18.15006487)
Paddy,POINT (78.95079890000001 18.15264972)
Paddy,POINT (78.95203643999997 18.151605080000003)
Paddy,POINT (78.961731055 18.15410998000001)
Paddy,POINT (79.10437758333333 18.164980083333337)
Paddy,POINT (78.968869335 18.161576075)
Paddy,POINT (78.973412255 18.1629769)
Paddy,POINT (78.97991997499999 18.166184999999995)
Paddy,POINT (78.99002520999998 18.17535408)
Paddy,POINT (79.12507441666666 18.14586966666667)
Paddy,POINT (78.99052221500001 18.176231254999998)
Paddy,POINT (79.23749238000002 18.01381808)
Paddy,POINT (79.13108741666669 18.12161266666667)
Paddy,POINT (79.00378776500001 18.200486925)
Paddy,POINT (79.003779095 18.200478125000004)
Paddy,POINT (78.99998719999999 18.206718274999997)
Paddy,POINT (79.00045982499998 18.21062446)
Paddy,POINT (79.00287882 18.214237475)
Paddy,POINT (79.00759817 18.2045489)
Paddy,POINT (79.00653580999997 18.202004645000002)
Paddy,POINT (79.01797832999999 18.21160004)
Paddy,POINT (79.017969135 18.211597949999994)
Paddy,POINT (79.01436592499996 18.233076044999997)
Paddy,POINT (79.011876755 18.235657565)
Paddy,POINT (79.01386848000001 18.239005009999996)
Paddy,POINT (79.01351716500001 18.243463735)
Paddy,POINT (79.02640349500001 18.254856295000003)
Paddy,POINT (79.02641527 18.25484215)
Paddy,POINT (79.03423300999997 18.253479909999996)
Paddy,POINT (79.03908285000001 18.25430024)
Paddy,POINT (79.04336307 18.252994335000004)
Paddy,POINT (79.04335458000003 18.25298828)
Paddy,POINT (79.046271285 18.2497145)
Paddy,POINT (79.05082195 18.248319294999998)
Paddy,POINT (79.13502166666669 18.10783333333334)
Paddy,POINT (79.10852333333332 18.109028500000008)
Paddy,POINT (79.10169766666664 18.11558691666667)
Paddy,POINT (78.11297427999997 18.341711200000002)
Paddy,POINT (78.12144599999999 18.348374760000006)
Paddy,POINT (79.08920258333333 18.168694166666672)
Paddy,POINT (79.07983341666663 18.16237325)
Paddy,POINT (79.07828575000002 18.156352000000005)
Paddy,POINT (79.0782993333333 18.15636733333333)
Paddy,POINT (79.07432541666662 18.12266299999999)
Paddy,POINT (79.06758608333334 18.119129499999993)
Paddy,POINT (79.09197141666667 18.09938583333333)
Paddy,POINT (79.09194825 18.099392583333337)
Paddy,POINT (79.07969205999999 18.105929345)
Paddy,POINT (78.04494513 18.299175515)
Paddy,POINT (78.04493911499999 18.299179564999996)
Paddy,POINT (78.04786058500001 18.291400959999994)
Paddy,POINT (78.04969221 18.283737439999996)
Paddy,POINT (78.06106386 18.280928435000003)
Paddy,POINT (78.063124475 18.26325447)
Paddy,POINT (78.06002138500001 18.254716064999993)
Paddy,POINT (78.058716145 18.246834460000002)
Paddy,POINT (78.06166688000002 18.238878055)
Paddy,POINT (79.07748511500002 18.09884823499999)
Paddy,POINT (78.099408985 18.238053195)
Paddy,POINT (79.064121975 18.019128509999998)
Paddy,POINT (78.10808448 18.236357455)
Paddy,POINT (79.06533015999999 18.005875725000003)
Paddy,POINT (78.10890171500002 18.261816239999998)
Paddy,POINT (79.06532794999997 18.005876469999993)
Paddy,POINT (78.108905065 18.261824305)
Paddy,POINT (79.02525452 17.958555534999995)
Paddy,POINT (78.114621885 18.290491710000005)
Paddy,POINT (78.11462342000002 18.290501485)
Paddy,POINT (78.11281065499999 18.298999679999994)
Paddy,POINT (79.04000740000001 17.94323394)
Paddy,POINT (79.076277205 17.945658170000005)
Paddy,POINT (78.280840535 18.347772524999993)
Paddy,POINT (79.10612025 17.98496158333334)
Paddy IR,POINT (78.373355213 18.333237502)
Paddy IR,POINT (78.37335949250001 18.333248161)
Paddy,POINT (78.37359334850002 18.333891752999996)
Paddy IR,POINT (78.3735954615 18.333883487999998)
Paddy,POINT (78.3678065355 18.329959731500004)
Paddy IR,POINT (78.367885798 18.3300792175)
Paddy,POINT (79.13871691666665 18.165521749999993)
Paddy,POINT (78.053638575 18.37016049)
Paddy,POINT (77.80316726999999 18.369289330000004)
Paddy,POINT (77.80304749500002 18.369273735000007)
Paddy,POINT (77.79946629999999 18.37750324)
Paddy,POINT (77.79355854500002 18.38512834)
Paddy,POINT (77.79343910999998 18.385138089999998)
Paddy,POINT (77.78937051000001 18.39130308)
Paddy,POINT (77.78937905000001 18.391298295000002)
Paddy,POINT (77.79069954499997 18.400717014999994)
Paddy,POINT (77.79072459000001 18.400810354999997)
Paddy,POINT (77.78193594 18.3947623)
Paddy,POINT (77.78203334499999 18.394745175)
Paddy,POINT (77.773009395 18.397783755000003)
Paddy,POINT (77.71725967 18.40019523)
Paddy,POINT (77.71705183499998 18.400195125)
Paddy,POINT (77.74058377 18.298558025)
Paddy,POINT (77.74051963499997 18.298539025000004)
Paddy,POINT (77.80550459999999 18.250188325000003)
Paddy,POINT (77.80527793499998 18.2501805)
Paddy,POINT (77.81416244500001 18.239084225)
Paddy,POINT (77.91977376000001 18.38448931)
Paddy,POINT (77.81392216000002 18.239075405)
Paddy,POINT (77.91974385 18.38447532)
Paddy,POINT (77.814161885 18.239094245)
Paddy,POINT (77.83236759500001 18.23969467)
Paddy,POINT (77.912663505 18.41456796)
Paddy,POINT (78.001781495 18.377685259999993)
Paddy,POINT (78.00165992999999 18.377707835)
Paddy,POINT (78.00174977000002 18.386019485)
Paddy,POINT (77.99774818 18.424259435)
Paddy,POINT (78.00054105500001 18.436638345000002)
Paddy,POINT (78.00034982000001 18.436609065000003)
Paddy,POINT (77.96620305500001 18.40628675)
Paddy,POINT (77.966374335 18.406273705000004)
Paddy,POINT (77.97639696 18.397099059999995)
Paddy,POINT (77.97621454 18.397326879999994)
Paddy,POINT (78.08855937999998 18.350166525)
Paddy,POINT (78.72384533333336 18.152710083333336)
Paddy,POINT (78.70352866666667 18.1558925)
Paddy,POINT (78.68572375000004 18.16661008333333)
Paddy,POINT (78.6571074166667 18.18851608333333)
Paddy,POINT (78.6688313333333 18.05778208333333)
Paddy,POINT (78.28507326999998 18.31203613)
Paddy,POINT (78.28489803500001 18.312255044999997)
Paddy,POINT (78.28902787000001 18.300970200000005)
Paddy,POINT (78.28923275 18.30098041)
Paddy,POINT (78.12187891500001 18.330626399999996)
Paddy,POINT (78.589936445 9.4591752)
Paddy,POINT (78.0794052115 8.675456034499998)
Paddy,POINT (78.0250622545 8.6292007235)
Paddy,POINT (77.99704567200001 8.630149038)
Paddy,POINT (77.9969229485 8.637309950500002)
Paddy,POINT (77.9827960528317 8.64048047447055)
Paddy,POINT (77.96009933450001 8.644494289)
Paddy,POINT (77.990375365 8.6004284945)
Paddy,POINT (78.012587486 8.601212287)
Paddy,POINT (78.01735851299999 8.5980207095)
Paddy,POINT (78.071823479 8.546630898)
Paddy,POINT (77.98289794900002 8.4948958865)
Paddy,POINT (77.96262694449999 8.566242809)
Paddy,POINT (77.953828465 8.569760875499998)
Paddy,POINT (77.955642829 8.5777880485)
Paddy,POINT (77.9009010665 8.618965076499999)
Paddy,POINT (77.874812074 8.632195894999999)
Paddy,POINT (77.8219083045 8.7140080305)
Paddy,POINT (77.821927002 8.714004365000001)
Paddy,POINT (77.8072488655 8.760967524)
Paddy,POINT (77.961148621 9.044092951)
Paddy,POINT (78.11862599500003 18.33063334)
Paddy,POINT (78.12623646499999 18.363005155)
Pady,POINT (79.144372 18.152511500000003)
Paddy,POINT (79.18690208333336 18.127599666666672)
Paddy,POINT (79.1801235 18.128635249999995)
Paddy,POINT (79.15930216666665 18.118138249999994)
Paddy,POINT (79.13984525000002 18.13038983333333)
Paddy,POINT (79.13729066666667 18.151306416666674)
Paddy,POINT (79.12467258333335 18.16355633333334)
Paddy,POINT (79.17011316666664 18.141001333333335)
Pady,POINT (79.19344141666662 18.143152583333325)
Paddy,POINT (78.96027908333335 18.092931916666675)
Paddy,POINT (78.95186316666663 18.09244050000001)
Paddy,POINT (78.86033175000003 18.065496749999998)
Paddy,POINT (78.87362166666665 18.019767)
Paddy,POINT (78.66677458333335 18.03988783333334)
Paddy,POINT (78.29589420999999 18.409745074999996)
Paddy,POINT (78.60520533333334 17.97062333333333)
Paddy,POINT (78.27980858 18.419001894999997)
Paddy,POINT (78.279788935 18.41894294)
Paddy,POINT (78.27958466499999 18.41811904)
Paddy,POINT (78.27549813000002 18.40080346)
PADDY,POINT (78.27643470499999 18.39974914500001)
Paddy,POINT (78.79388466666667 18.05988366666667)
Paddy,POINT (78.797651 18.060239250000002)
Paddy,POINT (78.27732284499999 18.39899668)
Paddy,POINT (78.80056416666666 18.06025383333333)
Paddy,POINT (78.124372665 18.304866795)
Paddy,POINT (78.12445846 18.305099)
Paddy,POINT (78.12343280500002 18.28672603)
Paddy,POINT (78.129830095 18.288375585000004)
Paddy,POINT (78.13910002999998 18.262712355000005)
Paddy,POINT (78.19152166000002 18.413702594999997)
Paddy,POINT (78.14613259500001 18.260625179999998)
Paddy,POINT (78.15574401 18.243549035)
Paddy,POINT (79.268321475 18.072161115)
Paddy,POINT (79.26721898000002 18.063586249999993)
Paddy,POINT (79.26721276499998 18.06359262)
Paddy,POINT (79.11465650000001 18.11107941666667)
Paddy,POINT (78.88834908333331 18.16299)
Paddy,POINT (78.16865792 18.222814024999998)
Paddy,POINT (79.10436333333334 18.109186750000003)
Paddy,POINT (79.25458871 18.068472934999996)
Paddy,POINT (78.178564695 18.223989339999996)
Paddy,POINT (79.10312474999998 18.11888933333333)
Paddy,POINT (79.238726945 18.066104935000002)
Paddy,POINT (78.18234275500001 18.236383855000003)
Paddy,POINT (79.10923299999997 18.139798999999996)
Paddy,POINT (78.15183040500001 18.228679509999996)
Paddy,POINT (78.12720329 18.365972059999997)
Paddy,POINT (78.14148598 18.230712755)
Paddy,POINT (78.145388565 18.221830355)
Paddy,POINT (79.10251874999997 18.178256916666673)
Paddy,POINT (78.11849605500001 18.357406655)
Paddy,POINT (78.11913172500002 18.360559720000005)
Paddy,POINT (78.12347319999999 18.239864615000002)
Paddy,POINT (78.11271841500002 18.236367675000004)
Paddy,POINT (78.10552509 18.253582490000003)
Paddy,POINT (78.90771708333331 18.168772999999998)
Paddy,POINT (79.12573516666669 18.224281666666666)
Paddy,POINT (78.10911926000001 18.26141678)
Paddy,POINT (78.91539208333337 18.19902658333334)
Paddy,POINT (78.1100576 18.272639125)
Paddy,POINT (79.14401099999999 18.23749416666667)
Paddy,POINT (78.91652500000002 18.23327791666666)
Paddy,POINT (78.106445645 18.288269594999996)
Paddy,POINT (78.099664635 18.294865609999995)
Paddy,POINT (78.103792185 18.304480920000003)
Paddy,POINT (78.09568550999998 18.311645340000002)
Paddy,POINT (78.09256385 18.319906789999997)
Paddy,POINT (78.10108051499999 18.391594675000004)
Paddy,POINT (78.86019933333333 18.22482958333333)
Paddy,POINT (79.18666674500001 18.110096155)
Paddy,POINT (79.19092645999999 18.069770724999994)
Paddy,POINT (79.19041788499997 18.054464929999995)
Paddy,POINT (78.018553675 18.363038454999998)
Paddy,POINT (79.20118705 18.044230095)
Paddy,POINT (79.07521200000002 18.106930916666663)
Paddy,POINT (79.201173105 18.044194495000003)
Paddy,POINT (79.06035866666664 18.104560749999994)
Paddy,POINT (77.935136105 18.382234999999998)
Paddy,POINT (77.91552823499998 18.378957525)
Paddy,POINT (79.04241258333329 18.114911916666667)
Paddy,POINT (77.90378852499997 18.37063003500001)
Paddy,POINT (79.02821699999998 18.111442500000006)
Paddy,POINT (77.873405995 18.361584829999998)
Paddy,POINT (79.0202006666667 18.121509083333336)
Paddy,POINT (77.87585252999997 18.352500659999997)
Paddy,POINT (79.02502149999998 18.128519749999995)
Paddy,POINT (79.22624948999999 18.003016834999997)
Paddy,POINT (79.02313783333331 18.133359583333327)
Paddy,POINT (79.02504291666665 18.135516916666663)
Paddy,POINT (77.86658141500001 18.346287649999997)
Paddy,POINT (79.0260255833333 18.155297583333343)
Paddy,POINT (79.20764651499996 18.022433284999995)
Paddy,POINT (79.21427627000001 18.037235315000004)
Paddy,POINT (79.04380866666666 18.179102083333333)
Paddy,POINT (79.04418683333334 18.188396083333338)
Paddy,POINT (79.19464858333336 18.040143083333334)
Paddy,POINT (79.04420258333332 18.188406916666658)
Paddy,POINT (79.19151941666664 18.04487841666666)
Paddy,POINT (77.84679203500002 18.347727465)
Paddy,POINT (79.0799296666667 18.162185083333338)
Paddy,POINT (79.18356408333335 18.039765166666662)
Paddy,POINT (79.07890241666668 18.15845608333333)
Paddy,POINT (77.84632078 18.328703229999995)
Paddy,POINT (79.07701175000001 18.152141500000006)
Paddy,POINT (79.07560391666667 18.146403000000007)
Paddy,POINT (77.84674823000002 18.295886685)
Paddy,POINT (79.16342791666668 18.022041833333333)
Paddy,POINT (79.07648516666669 18.143622166666663)
Paddy,POINT (77.84480309 18.2876913)
Paddy,POINT (79.16469608333337 18.018565250000005)
Paddy,POINT (79.080289 18.139426833333346)
Paddy,POINT (77.83985736000002 18.27562284)
Paddy,POINT (79.07057791666666 18.124147666666662)
Paddy,POINT (79.06434508333334 18.110958083333326)
Paddy,POINT (78.02089767499999 18.362993850000002)
Paddy,POINT (79.06317566666664 18.099128583333332)
Paddy,POINT (78.00035571499998 18.36281709)
Paddy,POINT (79.06517791666668 18.08480516666667)
Paddy,POINT (79.21941701999995 18.120228315000002)
Paddy,POINT (77.832415565 18.239398905)
Paddy,POINT (77.83337676 18.241203564999996)
Paddy,POINT (79.06680625 18.075687333333338)
Paddy,POINT (77.83490178999999 18.24542691)
Paddy,POINT (79.23291846499998 18.127595354999997)
Paddy,POINT (79.07207550000001 18.07308758333333)
Paddy,POINT (77.97980570000001 18.404174770000004)
Paddy,POINT (79.07834266666667 18.0696595)
Paddy,POINT (79.21660278 18.140414455)
Paddy,POINT (79.116388 18.070570916666664)
Paddy,POINT (79.11639024999997 18.07060183333334)
Paddy,POINT (79.1373904166667 18.09286091666667)
Paddy,POINT (79.16790392000001 18.11205116)
Paddy,POINT (79.14504828 18.098356064999997)
Paddy,POINT (79.140882745 18.093262274999997)
Paddy,POINT (78.96284383333331 18.097853249999993)
Paddy,POINT (78.10270179 18.23633573)
Paddy,POINT (79.14078719999998 18.093309794999993)
Paddy,POINT (78.95870491666668 18.106674166666664)
Paddy,POINT (78.0641058 18.234686545000002)
Paddy,POINT (78.064070475 18.23470709)
Paddy,POINT (78.96294625000004 18.122539916666675)
Paddy,POINT (78.0466364 18.221414229999997)
Paddy,POINT (78.9589904166667 18.127578666666672)
Paddy,POINT (78.95213591666668 18.127084333333336)
Paddy,POINT (78.03455062999998 18.212906979999996)
Paddy,POINT (78.95155258333332 18.12872450000001)
Paddy,POINT (78.33231592349999 18.3416721135)
Paddy,POINT (78.030927385 18.205975590000005)
Paddy,POINT (78.95156199999998 18.12873050000001)
Paddy,POINT (78.02608222500001 18.209492160000003)
Paddy,POINT (78.94244516666664 18.133908166666675)
Paddy,POINT (78.94140741666669 18.141900083333336)
Paddy,POINT (78.03318446 18.199046835)
Paddy,POINT (78.00820537999999 18.202169344999994)
Paddy,POINT (78.94131699999998 18.15602775)
Paddy,POINT (78.94127324999997 18.156053749999998)
Paddy,POINT (77.99936014000001 18.206355844999997)
Paddy,POINT (78.95000749999997 18.16935483333333)
Paddy,POINT (78.95879941666671 18.167712166666664)
Paddy,POINT (78.96305383333332 18.164146916666674)
Paddy,POINT (78.95179591666665 18.173849416666663)
Paddy,POINT (77.99453452499999 18.217019255)
Paddy,POINT (77.98888742000001 18.226097054999993)
Paddy,POINT (78.9370395833333 18.19275425)
Paddy,POINT (77.98006619999998 18.231994319999995)
Paddy,POINT (77.970085345 18.234504885)
Paddy,POINT (77.968803115 18.242828385)
Paddy,POINT (78.95180025 18.200608666666664)
Paddy,POINT (78.95757833333333 18.203148083333335)
Paddy,POINT (77.97783192 18.24555842)
Paddy,POINT (78.95972766666668 18.20403633333334)
Paddy,POINT (77.98501892 18.249873555)
Paddy,POINT (77.994112145 18.265048795000002)
Paddy,POINT (78.00292306999998 18.268517619999994)
Paddy,POINT (78.97446133333334 18.220663416666664)
Paddy,POINT (78.00465827 18.2780732)
Paddy,POINT (78.98229999999998 18.230274000000005)
Paddy,POINT (78.00089624499999 18.28771228)
Paddy,POINT (78.98378866666667 18.232987666666663)
Paddy,POINT (78.98873100000002 18.238895250000006)
Paddy,POINT (78.99059833333332 18.241791999999993)
Paddy,POINT (78.009185515 18.303097105)
Paddy,POINT (78.97639941666665 18.245656749999995)
Paddy,POINT (78.008807815 18.327622979999997)
Paddy,POINT (78.97175516666668 18.244861166666674)
Paddy,POINT (77.80646766 18.457780514999996)
Paddy,POINT (78.006083235 18.337267885)
Paddy,POINT (78.00306622000001 18.3439757)
Paddy,POINT (78.00280886499999 18.35307691)
Paddy,POINT (78.93054275000004 18.241613333333326)
Paddy,POINT (78.93063966666668 18.241626999999998)
Paddy,POINT (78.91898716666667 18.228985166666668)
Paddy,POINT (78.91700925 18.21454141666667)
Paddy,POINT (78.91261825000004 18.193288499999994)
Paddy,POINT (78.90872625 18.18003216666666)
Paddy,POINT (78.90700666666667 18.154162916666664)
Paddy,POINT (79.14820375000002 18.109470575)
Paddy,POINT (79.124992535 18.077236554999995)
Paddy,POINT (79.12088443000002 18.033273570000002)
Paddy,POINT (78.12220974999998 18.34548726)
Paddy,POINT (79.09228156000003 18.019396125000007)
Paddy,POINT (79.06641032499999 17.996699389999996)
Paddy,POINT (78.15486410999999 18.331852105000003)
Paddy,POINT (79.04536736500003 17.990853980000004)
Paddy,POINT (78.159007785 18.32333098)
Paddy,POINT (79.031163095 17.983092390000003)
Paddy,POINT (79.03300854 17.977390600000003)
Paddy,POINT (79.03296426 17.977389825000003)
Paddy,POINT (79.05337089 17.971309105)
Paddy,POINT (79.16260991666665 18.10738858333334)
Paddy,POINT (79.14803108333334 17.993209250000007)
Paddy,POINT (79.15230433333335 18.09705016666666)
Paddy,POINT (79.025616375 17.960354100000004)
Paddy,POINT (79.14872366666664 18.097757583333337)
Paddy,POINT (79.01547968500002 17.962007300000003)
Paddy,POINT (79.13940366666667 18.09539966666666)
Paddy,POINT (78.999701295 17.957871415)
Paddy,POINT (79.14514308333335 17.972801916666665)
Paddy,POINT (78.99313763 17.96777641)
Paddy,POINT (78.98666158500001 17.972595845000004)
Paddy,POINT (79.09264591666665 18.098026083333338)
Paddy,POINT (78.95670932500002 17.95209493499999)
Paddy,POINT (79.11189316666663 17.98586758333333)
Paddy,POINT (79.10210624999999 17.983586166666665)
Paddy,POINT (79.06164816666666 18.071461166666673)
Paddy,POINT (78.21359380999999 18.336604185000002)
Paddy,POINT (79.10211591666668 17.983533000000005)
Paddy,POINT (79.09234183333334 17.96744899999999)
Paddy,POINT (79.04349399999998 18.06924658333333)
Paddy,POINT (79.08611066666668 17.959458333333327)
Paddy,POINT (79.04563108333335 18.077274166666662)
Paddy,POINT (79.04805266666665 18.083590416666674)
Paddy,POINT (79.1062315 17.98022108333334)
Paddy,POINT (78.01750363500004 18.363363720000002)
Paddy,POINT (79.05261991666666 18.092980666666673)
Paddy,POINT (79.11297166666668 17.991433750000002)
Paddy,POINT (78.98465184000004 17.930077639999997)
Paddy,POINT (78.00208384000003 18.359668275000004)
Paddy,POINT (78.99959377 17.934499115000005)
Paddy,POINT (79.00905841500004 17.936045789999998)
Paddy,POINT (79.02053312999996 17.938217865000002)
Paddy,POINT (79.07991649999998 18.106123499999995)
Paddy,POINT (79.02774828999999 17.939854090000004)
Paddy,POINT (79.03874630500003 17.942777009999997)
Paddy,POINT (79.09786749999998 18.109417999999998)
Paddy,POINT (79.10397708333333 18.10887433333334)
Paddy,POINT (79.05880135999999 17.964907735)
Paddy,POINT (79.05870394499998 17.96491144499999)
Paddy,POINT (79.13477049999999 18.113104083333333)
Paddy,POINT (79.06052901000002 17.976534190000002)
Paddy,POINT (79.09166956000001 18.010166230000003)
Paddy,POINT (79.11091103000004 18.015886899999995)
Paddy,POINT (79.11094065 18.015944075)
Paddy,POINT (79.140353645 18.03460675)
Paddy,POINT (79.14660037499998 18.031888114999994)
Paddy,POINT (78.11638649999999 18.233122650000006)
Paddy,POINT (78.115785875 18.224180004999997)
Paddy,POINT (78.11577328000001 18.224199715000005)
Paddy,POINT (78.12715289499998 18.212212235000003)
Paddy,POINT (78.12863355500001 18.205501840000004)
Paddy,POINT (78.128621265 18.205500054999998)
Paddy,POINT (78.11938685499999 18.187610420000002)
Paddy,POINT (78.13316596000001 18.183077425000004)
Paddy,POINT (78.133122145 18.183028540000002)
Paddy,POINT (78.143117595 18.18220228)
Paddy,POINT (78.13105851000002 18.17064348)
Paddy,POINT (78.13130829 18.162061444999996)
Paddy,POINT (78.13252313999999 18.154111675000003)
Paddy,POINT (78.132306185 18.146068245)
Paddy,POINT (78.13025033 18.126735904999997)
Paddy,POINT (78.10332492000002 18.346997549999998)
Paddy,POINT (78.12877310500002 18.105636890000003)
Paddy,POINT (78.1232556 18.09891179)
Paddy,POINT (78.12454599499999 18.090583334999998)
Paddy,POINT (78.12843688 18.082124515)
Paddy,POINT (78.87913133333332 18.12683508333334)
Paddy,POINT (78.12114679000001 18.079275715)
Paddy,POINT (78.125762 18.09444482)
Paddy,POINT (78.133904975 18.095071275000002)
Paddy,POINT (78.13906320999999 18.096828285000004)
Paddy,POINT (78.14676403500002 18.08946605)
Paddy,POINT (78.146746305 18.08946599)
Paddy,POINT (78.14977359499997 18.093508460000002)
Paddy,POINT (78.9432075 18.08980291666667)
Paddy,POINT (78.94142066666666 18.095541000000004)
Paddy,POINT (78.137291845 18.105596365000004)
Paddy,POINT (78.13662551 18.118419460000002)
Paddy,POINT (78.9445 18.108441416666672)
Paddy,POINT (78.14188057000001 18.124800995)
Paddy,POINT (78.94512600000002 18.118944083333336)
Paddy,POINT (78.147034375 18.128982935000003)
Paddy,POINT (78.153970585 18.127954924999997)
Paddy,POINT (78.94911541666667 18.115752666666666)
Paddy,POINT (78.15798513499999 18.12009528)
Paddy,POINT (78.95153250000001 18.112483249999997)
Paddy,POINT (78.158426305 18.113630954999998)
Paddy,POINT (78.15850134499999 18.105236240000004)
Paddy,POINT (78.96257416666664 18.10213758333334)
Paddy,POINT (78.15481093999999 18.10136045)
Paddy,POINT (78.16157928499999 18.098810725)
Paddy,POINT (78.16901391 18.099916394999997)
Paddy,POINT (78.97541708333333 18.093915083333325)
Paddy,POINT (78.16875974499997 18.09992897)
Paddy,POINT (78.980753 18.095059833333327)
Paddy,POINT (78.14835444000002 18.137012745)
Paddy,POINT (78.14836811999999 18.136997299999997)
Pady,POINT (79.0095245 18.09996416666667)
Paddy,POINT (79.0162651666667 18.100964666666663)
Paddy,POINT (79.04028416666665 18.105080833333332)
Paddy,POINT (79.06106491666665 18.107599333333326)
Paddy,POINT (79.07793108333337 18.108473166666666)
Paddy,POINT (79.13705658333332 17.99116466666666)
Paddy,POINT (79.03981316666666 18.188471999999997)
Paddy,POINT (78.04253859 18.306568815000002)
Paddy,POINT (78.04704672000001 18.290559899999998)
Paddy,POINT (79.02878824999998 18.19019966666667)
Paddy,POINT (78.05037148 18.282891985000003)
Paddy,POINT (79.12623091666669 17.97218808333334)
Paddy,POINT (78.05590732499999 18.27871113)
Paddy,POINT (79.13470924999999 17.95634166666667)
Paddy,POINT (78.060993885 18.272309935000003)
Paddy,POINT (79.01685274999997 18.213094750000007)
Paddy,POINT (78.06290502 18.262921245)
Paddy,POINT (79.01877966666666 18.218683916666663)
Paddy,POINT (78.06033579 18.255261095)
Paddy,POINT (78.05896508500001 18.246526515)
Paddy,POINT (78.06188270999999 18.238715645000006)
Paddy,POINT (79.12845016666665 17.920751666666668)
Paddy,POINT (79.01453800000002 18.23303516666666)
Paddy,POINT (79.12126333333332 17.91820175)
Paddy,POINT (79.11515949999999 17.927115083333337)
Paddy,POINT (79.01282000000002 18.242923916666673)
Paddy,POINT (79.10811550000004 17.933716666666665)
Paddy,POINT (77.96532020500001 18.234466)
Paddy,POINT (77.95429964000002 18.23439734)
Paddy,POINT (79.10117399999999 17.935503833333332)
Paddy,POINT (79.01066583333333 18.25180141666667)
Paddy,POINT (77.9449883 18.230720970000004)
Paddy,POINT (79.0044065 18.249657250000006)
Paddy,POINT (77.929467365 18.225239804999994)
Paddy,POINT (79.08786375 17.93668991666667)
Paddy,POINT (78.9994025833333 18.250279750000004)
Paddy,POINT (77.92332808 18.211688275)
Paddy,POINT (79.0878166666667 17.936677166666673)
Paddy,POINT (78.99013783333338 18.246175)
Paddy,POINT (77.92325917499998 18.21167)
Paddy,POINT (78.98212449999998 18.250126166666668)
Paddy,POINT (77.91304110499999 18.20399628)
Paddy,POINT (78.98168849999998 18.25538716666666)
Paddy,POINT (77.9127941 18.195906954999998)
Paddy,POINT (78.98102583333335 18.262484500000006)
Paddy,POINT (79.06026874999999 17.928384499999996)
Paddy,POINT (79.05064416666669 17.929683750000002)
Paddy,POINT (78.99068766666667 18.27083925)
Paddy,POINT (77.90725386 18.186073725)
Paddy,POINT (78.99653450000001 18.27458675)
Paddy,POINT (77.90234121 18.182974935)
Paddy,POINT (77.90459032 18.176136454999998)
Paddy,POINT (79.0503845833333 17.935804500000003)
Paddy,POINT (77.91180001499998 18.179933575)
Paddy,POINT (79.01047041666666 18.258467916666667)
Paddy,POINT (79.05796108333337 17.942480666666665)
Paddy,POINT (77.91178327 18.17990914)
Paddy,POINT (79.06494816666671 17.94619175)
Paddy,POINT (77.90020002500002 18.191414899999998)
Paddy,POINT (79.06480091666671 17.946196000000008)
Paddy,POINT (77.89361015 18.19374224)
Paddy,POINT (79.07859224999997 17.942944583333336)
Paddy,POINT (79.08524416666667 17.945192083333325)
Paddy,POINT (79.09253716666663 17.95386283333334)
Paddy,POINT (77.893594855 18.193695749999996)
Paddy,POINT (79.08276300000004 18.22535641666666)
Paddy,POINT (79.09254116666665 17.95386183333334)
Paddy,POINT (79.10058325000001 17.959639083333325)
Paddy,POINT (79.08831075000002 18.22132333333333)
Paddy,POINT (79.11785066666668 17.962683333333338)
Paddy,POINT (79.08828758333331 18.218165666666664)
Paddy,POINT (79.08867999999998 18.214527499999996)
Paddy,POINT (77.96313006999999 18.250557725)
Paddy,POINT (79.11485674999997 17.971654250000004)
Paddy,POINT (79.08679458333333 18.21072416666666)
Paddy,POINT (77.96308349 18.250663184999997)
Paddy,POINT (79.11486533333334 17.97165733333333)
Paddy,POINT (79.08728316666668 18.195780250000006)
Paddy,POINT (77.95463919000001 18.25377038)
Paddy,POINT (77.94766523 18.261927195)
Paddy,POINT (77.94079845999998 18.271862129999995)
Paddy,POINT (79.09156033333335 18.185650416666668)
Paddy,POINT (77.93315365 18.27745943)
Paddy,POINT (77.91420633999999 18.3108693)
Paddy,POINT (77.914211995 18.31084811)
Paddy,POINT (77.91647000999998 18.329677415)
Paddy,POINT (79.100692 18.16680183333334)
Paddy,POINT (77.91188776499999 18.338474905)
Paddy,POINT (79.10554508333334 18.16379749999999)
Paddy,POINT (77.91185325 18.338445150000005)
Paddy,POINT (77.90466692 18.344579884999998)
Paddy,POINT (77.89965506000001 18.362874534999996)
Paddy,POINT (77.89962288 18.362900104999998)
Paddy,POINT (79.12957091666664 18.147741249999996)
Paddy,POINT (77.90991769 18.372908985)
Paddy,POINT (79.10365251500004 18.073549004999997)
Paddy,POINT (79.091487445 18.087101885)
Paddy,POINT (77.87432203499999 18.370647339999998)
Paddy,POINT (79.09110247000001 18.101054505)
Paddy,POINT (77.87422424500002 18.3706017)
Paddy,POINT (77.87373453000002 18.36165999)
Paddy,POINT (79.07846433000002 18.099881949999997)
Paddy,POINT (77.87595261999999 18.352837339999997)
Paddy,POINT (79.07845945999999 18.099889599999994)
Paddy,POINT (77.86560895999997 18.34588153)
Paddy,POINT (79.06703154999998 18.09624472500001)
Paddy,POINT (79.05486139499999 18.097225015)
Paddy,POINT (77.858783275 18.343041324999994)
Paddy,POINT (79.05090095999996 18.084780630000004)
Paddy,POINT (77.86145662999999 18.336134395)
Paddy,POINT (77.849616155 18.352595940000004)
Paddy,POINT (77.84642665000004 18.343690095000003)
Paddy,POINT (79.04289958333334 17.922214000000004)
Paddy,POINT (77.84640768 18.343678465)
Paddy,POINT (79.051930295 18.068454475)
Paddy,POINT (79.04242258333338 17.916331333333336)
Paddy,POINT (77.84733807999999 18.326670370000002)
Paddy,POINT (79.05193091499999 18.068440030000005)
Paddy,POINT (79.04152875000003 17.905176333333326)
Paddy,POINT (79.06117796499998 18.073688660000006)
Paddy,POINT (77.84841465 18.316977419999994)
Paddy,POINT (79.0391420833333 17.897554750000005)
Paddy,POINT (79.03605891666663 17.889618083333325)
Paddy,POINT (79.03328574999998 17.88276974999999)
Paddy,POINT (77.85427978499999 18.305400960000004)
Paddy,POINT (77.86334203999999 18.303807924999997)
Paddy,POINT (79.02401116666665 17.881770916666667)
Paddy,POINT (77.870745655 18.301100909999995)
Paddy,POINT (78.62339558333329 18.084094166666663)
Paddy,POINT (79.02227008333332 17.875422750000006)
Paddy,POINT (79.08876015 18.048243275000004)
Paddy,POINT (79.01412883333333 17.880188166666663)
Paddy,POINT (79.08502991 18.038419899999997)
Paddy,POINT (77.84733117500001 18.296763400000003)
Paddy,POINT (79.068348615 18.047435280000002)
Paddy,POINT (79.00592399999998 17.879493500000002)
Paddy,POINT (77.84516224000001 18.287677249999998)
Paddy,POINT (77.84120884000001 18.278968910000003)
Paddy,POINT (79.06402754999999 18.066731444999995)
Paddy,POINT (78.99811216666666 17.888169416666663)
Paddy,POINT (78.99818183333332 17.88813841666667)
Paddy,POINT (78.99178375 17.875597416666658)
Paddy,POINT (77.84520190999999 18.27908917)
Paddy,POINT (78.98313858333337 17.87360075)
Paddy,POINT (77.85374500499998 18.283318965)
Paddy,POINT (79.05617352500002 18.056226280000004)
Paddy,POINT (78.97338650000003 17.874818500000003)
Paddy,POINT (77.835587065 18.275145614999996)
Paddy,POINT (79.04033808499996 18.058685784999994)
Paddy,POINT (77.82721279 18.277123285000002)
Paddy,POINT (78.96422933333334 17.883316666666666)
Paddy,POINT (78.9633403333333 17.89306491666666)
Paddy,POINT (78.97041841666666 17.89778416666667)
Paddy,POINT (77.84898443499999 18.262631135)
Paddy,POINT (78.97558766666664 17.902284666666674)
Paddy,POINT (79.0447269 18.041982620000002)
Paddy,POINT (77.84895034499998 18.262628964999998)
Paddy,POINT (78.97545391666665 17.91304258333334)
Paddy,POINT (79.04920817499996 18.02674491999999)
Paddy,POINT (77.85812380000002 18.266014360000003)
Paddy,POINT (79.05462749499999 18.018652140000004)
Paddy,POINT (77.873285145 18.275102015)
Paddy,POINT (79.063373685 18.007949495)
Paddy,POINT (77.85867590000001 18.278894745000006)
Paddy,POINT (77.85343824000002 18.254748380000002)
Paddy,POINT (77.84874469999998 18.247296700000003)
Paddy,POINT (77.84543588 18.239707664999994)
Paddy,POINT (77.81935621 18.217159475)
Paddy,POINT (77.81179425 18.216991784999998)
Paddy,POINT (77.80458387 18.211575724999996)
Paddy,POINT (77.80459806500001 18.21158644)
Paddy,POINT (79.0945983333333 17.9884225)
Paddy,POINT (78.114626555 18.290402725)
Paddy,POINT (78.7923048333333 18.057811416666674)
Paddy,POINT (78.11251666500002 18.298834754999998)
Paddy,POINT (78.110626295 18.30678118)
Paddy,POINT (78.10486535000003 18.320443245)
Paddy,POINT (78.75301091666668 18.04853208333334)
Paddy,POINT (78.71826225000002 18.10360633333334)
Paddy,POINT (78.74480324999999 18.118246166666665)
Paddy,POINT (78.7448618333333 18.118261666666676)
Paddy,POINT (78.74397875000003 18.131026)
Paddy,POINT (78.74336391666668 18.136084249999993)
Paddy,POINT (78.7714245833333 18.14354183333334)
Paddy,POINT (78.78033941666664 18.14304883333334)
Paddy,POINT (78.79412275000001 18.137922666666668)
Paddy,POINT (79.023030395 18.08597991)
Paddy,POINT (79.01045335999996 18.08026999999999)
Paddy,POINT (79.00936946499999 18.07615798999999)
Paddy,POINT (79.04654833333333 17.943840916666666)
Paddy,POINT (79.01398912499997 18.07215157500001)
Paddy,POINT (79.02002803999997 18.07186678499999)
Paddy,POINT (79.02892068500003 18.066720844999995)
Paddy,POINT (79.03975774999996 17.942762666666674)
Paddy,POINT (79.02612100999998 18.048203194999996)
Paddy,POINT (79.02972341666668 17.94188041666667)
Paddy,POINT (79.02977533333335 17.941800333333333)
Paddy,POINT (79.01237074999999 17.940787333333333)
Paddy,POINT (79.02228529500003 18.034992000000003)
Paddy,POINT (79.00684225 17.936333249999997)
Paddy,POINT (79.00739645000003 18.03276850000001)
Paddy,POINT (78.99783816666665 17.93213016666666)
Paddy,POINT (79.00837701499998 18.027155965)
Paddy,POINT (79.005277415 18.009998414999995)
Paddy,POINT (78.98782191666665 17.92936158333334)
Paddy,POINT (79.00155691 18.00406174)
Paddy,POINT (78.97978933333336 17.928945083333335)
Paddy,POINT (79.00155446000002 18.004058939999997)
Paddy,POINT (78.9740855 17.924710916666665)
Paddy,POINT (78.97162749000002 18.006579709999997)
Paddy,POINT (78.95972566666666 17.87193366666667)
Paddy,POINT (78.95699691666665 17.863357750000006)
Paddy,POINT (78.964841715 18.016640029999998)
Paddy,POINT (78.9557940833333 17.857818083333335)
Paddy,POINT (78.96617876500001 18.026225474999997)
Paddy,POINT (78.9516340833333 17.85196433333334)
Paddy,POINT (78.95163675 17.851963333333337)
Paddy,POINT (78.97066726 18.03330214)
Paddy,POINT (78.97561471500003 18.040808195000004)
Paddy,POINT (78.92041616666668 17.842911250000007)
Paddy,POINT (78.92044891666666 17.842893333333336)
Paddy,POINT (78.91354608333333 17.844371166666672)
Paddy,POINT (78.97915719000002 18.062618504999996)
Paddy,POINT (78.90006508333336 17.857514749999993)
Paddy,POINT (78.97963698499996 18.072344965000006)
Paddy,POINT (78.89508933333333 17.860317000000002)
Paddy,POINT (78.97499610000003 18.077828595000003)
Paddy,POINT (78.88027175000003 17.866433749999995)
Paddy,POINT (78.87429124999998 17.867343416666667)
Paddy,POINT (78.86918066666667 17.870581500000007)
Paddy,POINT (78.8691681666667 17.870569833333327)
Paddy,POINT (78.87179316666665 17.875318416666662)
Paddy,POINT (78.962293265 18.073705030000003)
Paddy,POINT (78.87597174999995 17.879603583333328)
Paddy,POINT (78.94728122999999 18.074396734999997)
Paddy,POINT (78.35416767500001 18.223775305)
Paddy,POINT (78.94728080500003 18.074401679999994)
Paddy,POINT (78.87748266666668 17.89831833333334)
Paddy,POINT (78.93804882499998 18.066432985000006)
Paddy,POINT (78.87293966666667 17.904819666666665)
Paddy,POINT (78.92062451000001 18.055344729999995)
Paddy,POINT (78.87636416666668 17.912206416666674)
Paddy,POINT (78.34949039000001 18.219422095000006)
Paddy,POINT (78.88645283333331 17.918999916666664)
Paddy,POINT (78.91455864000002 18.038005870000006)
Paddy,POINT (78.89086775000004 17.927240749999996)
Paddy,POINT (78.91272953499998 18.017845880000003)
Paddy,POINT (78.89091791666671 17.927281416666663)
Paddy,POINT (78.91272509999996 18.017835685)
Paddy,POINT (78.94208478499998 18.015874464999996)
Paddy,POINT (78.91418241666665 17.93324991666666)
Paddy,POINT (78.92049700000004 17.934094083333335)
Paddy,POINT (78.96014650999999 18.009836600000007)
Paddy,POINT (78.93303475000002 17.9358915)
Paddy,POINT (79.00469673 17.999407745)
Paddy,POINT (78.93303158333336 17.93591241666667)
Paddy,POINT (78.93957025 17.94308408333334)
Paddy,POINT (79.027916285 17.99881913)
Paddy,POINT (79.02791278000001 17.998820880000004)
Paddy,POINT (79.04337974500001 18.01911701)
Paddy,POINT (79.073926615 18.014081984999997)
Paddy,POINT (78.29944177999997 18.372186065)
Paddy,POINT (78.29919899999999 18.432899585)
Paddy,POINT (78.27948633 18.41766993)
Paddy,POINT (78.278132015 18.414970805)
Paddy,POINT (78.26024234500001 18.41446532500001)
Paddy,POINT (78.95453508333335 17.917705333333338)
Paddy,POINT (78.94522449999998 17.912701749999997)
Paddy,POINT (78.93394208333336 17.904833749999998)
Paddy,POINT (78.93392541666665 17.90484858333334)
Paddy,POINT (78.92523499999999 17.901800166666664)
Paddy,POINT (78.91775375000003 17.896837500000004)
Paddy,POINT (78.91189374999999 17.890126666666667)
Paddy,POINT (78.90622433333331 17.88476233333334)
Paddy,POINT (78.89521816666667 17.872445833333337)
Paddy,POINT (78.89523000000003 17.872431750000004)
Paddy,POINT (78.88049325 17.857056166666663)
Paddy,POINT (78.87462324999996 17.854945666666662)
Paddy,POINT (78.85143024999995 17.843448416666668)
Paddy,POINT (78.8453039166667 17.823430249999994)
Paddy,POINT (78.84538808333333 17.823459833333338)
Paddy,POINT (78.82597666666665 17.815043416666665)
Paddy,POINT (78.81605274999995 17.795956749999995)
Paddy,POINT (78.8161545 17.795913999999993)
Paddy,POINT (78.7782278333333 17.79503516666666)
Paddy,POINT (78.77426199999998 17.808697499999994)
Paddy,POINT (78.76891900000003 17.816114166666665)
Paddy,POINT (78.76890916666663 17.816134249999994)
Paddy,POINT (78.74418241666667 17.80722975000001)
Paddy,POINT (78.74006900000002 17.81113683333333)
Paddy,POINT (78.73600616666666 17.817954666666658)
Paddy,POINT (78.7360459166667 17.817973166666665)
Paddy,POINT (78.71779374999998 17.825711833333337)
Paddy,POINT (78.73067608333332 17.857743583333338)
Paddy,POINT (78.748425 17.863501416666665)
Paddy,POINT (78.74842724999996 17.863495250000003)
Paddy,POINT (78.76659316666667 17.870223333333335)
Paddy,POINT (78.77307666666664 17.87639341666667)
Paddy,POINT (78.78528633333336 17.872747916666675)
Paddy,POINT (78.79582258333336 17.871184833333338)
Paddy,POINT (78.81124441666668 17.868772999999997)
Paddy,POINT (78.81123308333329 17.86880641666667)
Paddy,POINT (78.82744683333333 17.864088166666665)
Paddy,POINT (79.09681916666669 17.99787791666667)
Paddy,POINT (79.09129541666663 18.000953333333328)
Paddy,POINT (79.09127874999999 18.00095866666667)
Paddy,POINT (79.07875599999997 18.007184249999995)
Paddy,POINT (79.07872941666669 18.00001516666667)
Paddy,POINT (79.0787375833333 18.000013083333336)
Paddy,POINT (79.07906308333335 17.994826416666662)
Paddy,POINT (79.08632233333333 17.97849816666667)
Paddy,POINT (79.08391516666669 17.97412825)
BORO PADDY,POINT (88.46304626 22.50840219)
Boro Paddy,POINT (88.46324760000002 22.509142379999993)
Boro Paddy,POINT (88.47484096999997 22.515434050000003)
Boro paddy,POINT (88.473777565 22.51573039)
Boro Paddy,POINT (88.47348487500001 22.51500309)
Boro paddy,POINT (88.53838437499999 22.509770285)
Boro Paddy,POINT (88.53901464499998 22.510308000000002)
Boro Paddy,POINT (88.53904767 22.510653115)
Boro Paddy,POINT (88.53855331000003 22.51084057)
Boro paddy,POINT (88.60670554 22.483852749999997)
Boro paddy,POINT (88.60688861499999 22.484015754999994)
Boro paddy,POINT (88.60412331 22.475168065)
Boro paddy,POINT (88.604176755 22.475604715000003)
Boro paddy,POINT (88.60489055000002 22.47414304)
Boro paddy,POINT (88.60599167500001 22.47405475)
Boro paddy,POINT (88.60655059000001 22.474225629999996)
Boro paddy,POINT (88.62512032499998 22.439015129999994)
Boro paddy,POINT (88.62580516000003 22.439227094999996)
Boro paddy,POINT (88.63050013000002 22.432245645000002)
Boro paddy,POINT (88.63134094000002 22.431716480000002)
Boro paddy,POINT (88.64900202499999 22.43086165)
Boro paddy,POINT (88.64855877 22.431490735)
Boro Paddy,POINT (88.11505674000001 22.565809155000004)
Boro Paddy,POINT (88.115238805 22.566001330000002)
Boro Paddy,POINT (88.11519783 22.566414984999998)
Boro paddy,POINT (88.091269325 22.561171505)
Boro paddy,POINT (88.091042125 22.560521464999997)
Boro Paddy,POINT (88.091868095 22.560586434999998)
Boro Paddy,POINT (88.09165999500001 22.56023151)
Boro Paddy,POINT (88.065357575 22.564340204999997)
Boro paddy,POINT (88.06470209499999 22.56455278)
Boro paddy,POINT (88.05356104500001 22.565588215)
Boro Paddy,POINT (88.053462365 22.565644215)
Boro Paddy,POINT (88.05350736 22.565740740000003)
Boro Paddy,POINT (88.05335948999999 22.56681196)
Boro Paddy,POINT (88.05345419499997 22.567158505)
Boro Paddy,POINT (88.05345800500001 22.56732204)
Boro Paddy,POINT (88.05301856 22.566899905)
Boro Paddy,POINT (88.05293684000003 22.567054195000004)
Boro Paddy,POINT (88.05313935499998 22.566271115)
Boro Paddy,POINT (87.90552721999998 23.237866380000007)
Boro Paddy,POINT (87.94865208499999 23.244602765000003)
Boro Paddy,POINT (87.95786564500001 22.552037310000006)
Boro paddy,POINT (87.95768392 22.551440825)
Boro Paddy,POINT (87.98318999 23.265211835)
Boro Paddy,POINT (87.95749821 22.55094854)
Boro Paddy,POINT (87.95834653499998 22.551476545)
Boro Paddy,POINT (88.00106998 23.294563644999993)
Boro Paddy,POINT (88.03748763500002 23.308504705)
Boro Paddy,POINT (88.03950969999997 23.349163440000005)
Boro Paddy,POINT (88.03957328999999 23.348850775)
Boro paddy,POINT (87.83591042999998 22.319550874999997)
Boro paddy,POINT (87.79819423000001 22.337666544999998)
Boro paddy,POINT (87.698847225 22.398353640000003)
Boro Paddy,POINT (87.67029742500003 22.405364834999993)
Boro paddy,POINT (87.60321990499999 22.393775134999995)
Boro Paddy,POINT (87.53876125000002 22.39636934)
Boro Paddy,POINT (87.48400187000001 22.39704714)
Boro paddy,POINT (87.39663508500001 22.379551150000005)
Boro Paddy,POINT (87.39354292499999 22.360038159999995)
Boro Paddy,POINT (87.40671277499999 22.337898)
Boro Paddy,POINT (87.43104378 22.313425020000004)
Boro paddy,POINT (87.43038919500005 22.313732179999995)
Boro paddy,POINT (87.53013452500001 22.280191869999996)
Boro Paddy,POINT (87.55658434 22.33085044)
Boro paddy,POINT (87.55651203 22.330817129999993)
Boro Paddy,POINT (87.29500298999997 22.35700761)
Boro paddy,POINT (87.03601848000002 22.349456975)
Rabi Rice,POINT (89.1207334375 26.544278310999992)
Rabi Rice,POINT (89.123110131 26.541483010499995)
Rabi Rice,POINT (89.13550554150001 26.540738807000004)
Rabi Rice,POINT (89.125129683 26.530550966)
Rabi Rice,POINT (89.14743277349999 26.536483482500007)
Boro Paddy,POINT (86.94712635 22.437878789999996)
Boro Paddy,POINT (86.94717964999998 22.438623049999997)
Rabi Rice,POINT (89.13916944550002 26.557831260000007)
Rabi Rice,POINT (89.145526934 26.558097287)
Boro Paddy,POINT (88.59252231500001 22.698569720000002)
Boro paddy,POINT (88.592937245 22.698449935)
Boro paddy,POINT (88.60210802999998 22.697638055000006)
Boro Paddy,POINT (88.61650266 22.698380785)
Boro Paddy,POINT (88.617970675 22.69788904)
Boro Paddy,POINT (88.61795621499999 22.69785510500001)
Boro Paddy,POINT (88.62655954499998 22.699634935)
BoroPaddy,POINT (88.62675561 22.699600610000008)
Boro Paddy,POINT (86.89377984500001 22.448953405000005)
Rabi Rice,POINT (89.44147044050001 26.476340744999998)
Boro Paddy,POINT (86.875737165 22.357323174999998)
Boro  Pafdy,POINT (88.647181485 22.782519205000003)
Boro Paddy,POINT (88.64715624499999 22.782691945000003)
Boro Paddy,POINT (86.885236735 22.317447550000004)
Boro Paddy,POINT (88.64736217000001 22.782154395)
Boro Paddy,POINT (86.88554337499997 22.317381780000005)
Rabi Rice,POINT (89.56068095100002 26.469637142000003)
Boro Paddy,POINT (88.64772071999998 22.782200705)
Rabi Rice,POINT (89.57214422499999 26.4691892425)
Rabi Rice,POINT (89.597883686 26.4589639755)
Rabi Rice,POINT (89.613930347 26.4506147895)
Rabi Rice,POINT (89.65087385349997 26.443141375999993)
Boro Pasdy,POINT (86.99471759500001 22.322205935)
Rabi Rice,POINT (89.673641387 26.441288094000004)
Rabi Rice,POINT (89.710753198 26.448475426999998)
Boro Paddy,POINT (86.99446623000001 22.322173944999996)
Boro Paddy,POINT (87.20225364000001 22.392319570000005)
Boro paddy,POINT (88.72529267000002 22.9018039)
Boro paddy,POINT (88.72502381499999 22.901697055)
Boro Paddy,POINT (88.72473577000002 22.901679765000004)
Rabi Rice,POINT (89.74117205999997 26.488352244999998)
Boro Paddy,POINT (88.72387423 22.903782264999997)
Boro Paddy,POINT (88.72332809000001 22.90394347)
Boro  Paddy,POINT (88.72330529000001 22.90394250999999)
Boro Paddy,POINT (87.17483679 22.376904275)
Rabi Rice,POINT (89.7519424695 26.515454563)
Rabi Rice,POINT (89.76875641550001 26.524223574999997)
Rabi Rice,POINT (89.770907403 26.530717199499996)
Rabi Rice,POINT (89.67170591700001 26.489278441)
Boro Paddy,POINT (88.602474535 22.79991435)
BORO PADDY,POINT (88.60258186500002 22.80025106)
Boro Paddy,POINT (88.60331677500001 22.800160245000004)
Rabi Rice,POINT (89.60223712500002 26.48830056)
Boro Paddy,POINT (88.603330165 22.800327369999998)
BORO PADDY,POINT (88.6030795 22.800373274999995)
Rabi Rice,POINT (89.58790446100001 26.524680086)
Boro Paddy,POINT (87.762285335 22.414618429999997)
Boro Paddy,POINT (87.82637377500002 22.434555405000005)
Boro Paddy,POINT (87.81506691000001 22.446180804999997)
Boro Paddy,POINT (87.815073 22.446274280000004)
Boro Paddy,POINT (87.75311070999999 22.453121675000002)
Rabi Rice,POINT (88.207531575 24.047734055000003)
Rabi Rice,POINT (88.18261144500002 24.013257310000004)
Rabi Rice,POINT (88.15555943999999 24.01954127)
Rabi Rice,POINT (88.11588035499997 24.03413898499999)
Boro Paddy,POINT (87.883550315 22.381381429999998)
Rabi Rice,POINT (88.09205628499998 23.998512055000003)
Rabi Rice,POINT (88.12008946999998 23.973525224999996)
Rabi Rice,POINT (87.99684920500003 23.933526989999997)
Rabi Rice,POINT (87.98019065000001 23.909755599999997)
Rabi Rice,POINT (87.94618511500002 23.899981554999997)
Rabi Rice,POINT (87.90867481000001 23.884472380000002)
Rabi Rice,POINT (87.864075875 23.881759365)
Rabi Rice,POINT (87.87016116500001 23.896017205000003)
Rabi Rice,POINT (87.91092624000001 23.896895155000003)
Rabi Rice,POINT (87.95430898 23.906457569999997)
Rabi Rice,POINT (87.95684381000002 23.947777965000007)
Rabi Rice,POINT (87.970580845 24.006151080000002)
Rabi Rice,POINT (87.9803686 24.051812589999997)
Rabi Rice,POINT (87.98979819999998 24.09471233)
Rabi Rice,POINT (88.00968017 24.124131375)
Rabi Rice,POINT (88.04809286500002 24.10450003)
Rabi Rice,POINT (88.086359525 24.07972186)
Rabi Rice,POINT (88.13318369499997 24.082033215000003)
Rabi Rice,POINT (88.1311243 25.58451793)
Rabi Rice,POINT (88.15222108499998 25.541786314999996)
Rabi Rice,POINT (88.170022795 25.49983453500001)
Rabi Rice,POINT (88.17702796500002 25.443586199999995)
Rabi Rice,POINT (88.169472685 25.403527085)
Rabi Rice,POINT (88.16208670999998 25.359290660000003)
Rabi Rice,POINT (88.16230807999997 25.30543391000001)
Rabi Rice,POINT (88.12877085500001 25.309753755000003)
Rabi Rice,POINT (88.13501660000001 25.357926709999994)
Rabi Rice,POINT (88.14637054499998 25.379975)
Rabi Rice,POINT (88.14924719500002 25.439094114999996)
Rabi Rice,POINT (88.10335155500002 25.44109931500001)
Rabi Rice,POINT (88.08051161 25.471583524999996)
Rabi Rice,POINT (88.08915329999999 25.486859349999996)
Rabi Rice,POINT (88.11153028999999 25.52776461)
Rabi Rice,POINT (88.091890245 25.5556233)
Rabi Rice,POINT (88.06081554 25.5644522)
Rabi Rice,POINT (88.10124302999999 25.589560835)
Rabi Rice,POINT (88.08135086500002 25.667583890000003)
Rabi Rice,POINT (88.05048116499998 25.696775779999996)
Rabi Rice,POINT (88.01883554000001 25.71730477499999)
Rabi Rice,POINT (87.97971751500002 25.74218221)
Rabi Rice,POINT (87.94723490999999 25.77167646)
Rabi Rice,POINT (87.91137826500001 25.806816320000006)
Rabi Rice,POINT (88.754073035 25.23208562)
Rabi Rice,POINT (88.72383959999999 25.265140015)
Rabi Rice,POINT (88.67723315999999 25.32894531)
Rabi Rice,POINT (88.61136175000001 25.363423555000004)
Rabi Rice,POINT (88.560414605 25.398062514999996)
Rabi Rice,POINT (88.50097747499998 25.407862900000005)
Rabi Rice,POINT (88.46448163000001 25.407074440000002)
Rabi Rice,POINT (88.42279439500001 25.399116)
Rabi Rice,POINT (88.43282131000002 25.438928734999994)
Rabi Rice,POINT (88.450724365 25.47957342)
Rabi Rice,POINT (88.47377006 25.509932810000002)
Rabi Rice,POINT (88.48279063 25.550404845000003)
Rabi Rice,POINT (88.50402066999997 25.50162049)
Rabi Rice,POINT (88.498050205 25.471331619999997)
Rabi Rice,POINT (88.50911347999998 25.43577305)
Boro paddy,POINT (87.97169292000001 21.91565573)
Rabi Rice,POINT (88.607443805 25.446861655)
Rabi Rice,POINT (88.65902469 25.46515692000001)
Rabi Rice,POINT (88.71672957999999 25.447643245000005)
Rabi Rice,POINT (88.74564566500001 25.4179064)
Rabi Rice,POINT (88.759270385 25.379937884999997)
Rabi Rice,POINT (88.766184075 25.326308330000003)
Rabi Rice,POINT (88.73234748000002 25.28935292)
Rabi Rice,POINT (88.74899400000001 25.271174825)
Rabi Rice,POINT (88.74163687500001 25.253709065000002)
Rabi Rice,POINT (88.04333646799999 25.033921692)
Rabi Rice,POINT (87.99826954049998 25.091962214)
Rabi Rice,POINT (87.99729199200002 25.121832270499997)
Rabi Rice,POINT (87.93018055850001 25.188800880499997)
Rabi Rice,POINT (87.92441302750001 25.206177347)
Rabi Rice,POINT (87.8816577225 25.283540416500003)
Rabi Rice,POINT (87.88866625400001 25.293303926499995)
Rabi Rice,POINT (87.905897035 25.3219279535)
Rabi Rice,POINT (87.9180815805 25.338620839000008)
Rabi Rice,POINT (87.9152680965 25.3784909255)
Rabi Rice,POINT (87.9086814025 25.428014015000002)
Rabi Rice,POINT (87.90731740200002 25.4526948995)
Rabi Rice,POINT (87.9256797915 25.439747158500005)
Rabi Rice,POINT (87.9571568985 25.425907159499996)
Rabi Rice,POINT (87.98803391650002 25.40451426000001)
Rabi Rice,POINT (88.01351904100001 25.367251317999994)
Rabi Rice,POINT (88.017248233 25.3413431045)
Rabi Rice,POINT (88.01605437650001 25.287613287999996)
Rabi Rice,POINT (88.0534383285 25.250658659)
Rabi Rice,POINT (88.11087917699999 25.243346284000005)
Rabi Rice,POINT (88.26955631199999 25.182364144999998)
Rabi Rice,POINT (88.2821124475 25.179543289)
Rabi Rice,POINT (88.31194782650002 25.175373481499996)
Rabi Rice,POINT (88.30340008400002 25.040373973999998)
Rabi Rice,POINT (88.23584717699998 24.963586512)
Boro paddy,POINT (87.95857886000002 21.965759539999997)
Boro paddy,POINT (87.75345391499997 23.65085785)
Boro paddy,POINT (87.83529444000003 23.603347885)
Boro paddy,POINT (87.900327215 23.552674404999998)
Boro paddy,POINT (87.92837675500002 23.62368217)
Boro paddy,POINT (87.93911441000003 23.713248134999997)
Boro paddy,POINT (87.90872973 23.759635355000004)
Boro paddy,POINT (87.82849582999997 23.79814005500001)
Boro paddy,POINT (87.74833999000005 23.84161307)
Boro paddy,POINT (87.73783484999998 23.921128075)
Boro paddy,POINT (87.65340968000001 23.932581595000006)
Boro paddy,POINT (87.61223492 23.884535555000006)
Boro paddy,POINT (87.59585021500001 23.832199569999993)
Boro paddy,POINT (87.60463915 23.763108170000002)
Boro paddy,POINT (87.643703165 23.692531550000012)
Boro paddy,POINT (88.06023708 23.150395355)
Boro paddy,POINT (88.03562139000003 23.119107885)
Boro paddy,POINT (88.00629138499997 23.087735450000004)
Boro paddy,POINT (87.98545851000003 23.052232229999998)
Boro paddy,POINT (88.004457615 22.997711824999996)
Boro paddy,POINT (88.03409276 22.993102610000005)
Boro paddy,POINT (88.05198536000002 23.035245940000003)
Boro paddy,POINT (88.07730167000003 23.076506769999995)
Boro paddy,POINT (88.11179391 23.098677064999997)
Boro paddy,POINT (88.14051424500002 23.11629187999999)
Boro paddy,POINT (88.17520035999998 23.15937474999999)
Boro paddy,POINT (88.20133507500003 23.207621655000004)
Boro paddy,POINT (88.14687607500002 23.2115516)
Boro paddy,POINT (88.11417484999998 23.185328369999993)
Boro paddy,POINT (88.199429575 23.129909304999998)
Boro paddy,POINT (88.23048796999998 23.149528265)
Boro paddy,POINT (88.274927815 23.171201425)
Boro paddy,POINT (88.315431555 23.193028469999994)
Boro paddy,POINT (88.295056125 23.149719904999998)
Boro paddy,POINT (88.29597999500004 23.108499979999994)
Boro paddy,POINT (88.30630560499999 23.061295495000003)
Boro paddy,POINT (88.35085834499999 23.023261405)
Boro paddy,POINT (88.35827601999998 22.98997701)
Boro paddy,POINT (88.31185422 22.995777044999997)
Boro paddy,POINT (88.264550315 22.99346269)
Boro paddy,POINT (88.20171196 23.025196225000006)
Boro paddy,POINT (88.142077535 23.03084628)
Boro paddy,POINT (88.17717605499998 23.068738484999997)
Boro paddy,POINT (88.19347317000003 23.107346075000006)
Boro paddy,POINT (88.23408565000003 23.09606186)
Boro paddy,POINT (88.21910848499996 23.065705579999996)
Boro paddy,POINT (88.37838079999999 23.381588904999997)
Boro paddy,POINT (88.42172602499998 23.380602670000002)
Boro paddy,POINT (88.46659218500001 23.397549919999996)
Boro paddy,POINT (88.46047950999998 23.44822495)
Boropaddy,POINT (88.44983167500001 23.51422832500001)
Boro paddy,POINT (88.422596595 23.554308785)
Boro paddy,POINT (88.35959357499996 23.627359285000004)
Boro paddy,POINT (88.32475651500002 23.65883134)
Boro paddy,POINT (88.29573931500002 23.708822800000004)
Boro paddy,POINT (88.29426383 23.757657750000003)
Boro paddy,POINT (88.268885445 23.804799940000002)
Boro paddy,POINT (88.31348672999995 23.778724995000008)
Boro paddy,POINT (88.35695985000004 23.78565545)
Boro paddy,POINT (88.42174799000003 23.791425380000003)
Boro paddy,POINT (88.46584402 23.794852045000003)
Boro paddy,POINT (88.53570075 23.805626840000006)
Boro paddy,POINT (88.54272959000004 23.74529522)
Boro paddy,POINT (88.52738633000001 23.682741730000004)
Boro paddy,POINT (88.52985376000001 23.63979380499999)
Boro paddy,POINT (88.52244650000003 23.585973405)
